﻿Designator,Footprint,Quantity,Value,LCSC Part #
A1,Arduino_Nano,1,ARDUINO_NANO,
BZ1,Buzzer_12x9.5RM7.6,1,Buzzer,
J1,PinHeader_2x08_P2.54mm_Vertical,1,CN8,
J10,PinSocket_1x07_P2.54mm_Vertical,1,MCP2515_SPI,
J11,PinHeader_1x02_P2.54mm_Vertical,1,MCP2515_CAN,
J12,TerminalBlock_MetzConnect_Type094_RT03502HBLU_1x02_P5.00mm_Horizontal,1,LM2596_3.3V,
J13,TerminalBlock_MetzConnect_Type094_RT03502HBLU_1x02_P5.00mm_Horizontal,1,LM2596_5V,
J14,TerminalBlock_MetzConnect_Type094_RT03502HBLU_1x02_P5.00mm_Horizontal,1,7.4V,
J2,PinHeader_2x10_P2.54mm_Vertical,1,CN7,
J3,PinHeader_2x15_P2.54mm_Vertical,1,CN9,
J4,PinHeader_2x17_P2.54mm_Vertical,1,CN10,
J5,PinHeader_1x06_P2.54mm_Vertical,1,DC_MOTOR,
J6,PinHeader_1x02_P2.54mm_Vertical,1,ESC_MOTOR,
J7,PinHeader_1x03_P2.54mm_Vertical,1,ESC_PWM,
J8,PinSocket_1x10_P2.54mm_Vertical,1,MPU6050,
J9,PinSocket_1x08_P2.54mm_Vertical,1,TJA1051,
M1,PinHeader_1x03_P2.54mm_Vertical,1,SERVO,
R1,R_Axial_DIN0207_L6.3mm_D2.5mm_P7.62mm_Horizontal,1,330,
U1,nRF24L01_Breakout,1,NRF24L01,
